Workbook

Sheet Start Here
B1: Your Security Assessment Questionnaire Template
B4: How to use this template:
B5: Step 1 Add Questions and Tag Frameworks | C5: Use the Your Draft tab to capture the security questions your organization commonly receives. The questions provided are examples and should be customized to reflect real‑world inquiries. For each question, tag the framework(s) it is typically answered in (SIG Core, CAIQ, and/or VSAQ) to enable consistent reuse across questionnaires.
B6: Step 2 Enter Your Response for Each Question | C6: For each question, record a single control status (Yes / No / Partial) based on current implementation. Use Partial when a control exists but is incomplete, inconsistently applied, or missing documentation or scope. Provide a concise explanation with a remediation plan, if necessary, and reference existing evidence where applicable.
B7: Step 3 Assign Owners and Maintain Accuracy | C7: Assign an Owner responsible for the accuracy of each answer and track Last Reviewed and Next Review dates. For each response, record a maturity score to reflect how fully the control is implemented. Update responses and scores when controls change or evidence expires to keep answers consistent, defensible, and useful for tracking improvement over time.
B8: Step 4 Review the Dashboard Regulary | C8: Use the Dashboard tab to monitor the overall state of your security program. The dashboard automatically summarizes control status, maturity, and coverage by category based on the data in Your Draft. Review this view regularly to identify gaps, prioritize improvements, track progress over time, and support leadership or audit discussions.
B10: Automatically respond to high-stakes security questionnaires with Loopio.
B11: Book a Demo

Sheet Dashboard
B1: Your Security Program Dashboard
B3: Fill in Your Draft to keep this view current. Use it in team meetings and leadership reviews.
B5: Program Summary
B6: Total Questions | C6: Approved | D6: Draft | E6: Needs Update | F6: Avg. Maturity
B7: =COUNTIFS('Your Draft'!D:D, "<>", 'Your Draft'!D:D, "<>Question") -> 142 | C7: =COUNTIF('Your Draft'!L:L, "*Approved") -> 0 | D7: =COUNTIF('Your Draft'!L:L, "*Draft") -> 0 | E7: =COUNTIF('Your Draft'!L:L, "*Needs Update") -> 0 | F7: =IFERROR(AVERAGE('Your Draft'!M:M), 0) -> 0
B10: Control Status by Category
B11: Category | C11: Total | D11: Yes | E11: Partial | F11: No
B12: Governance & Risk | C12: =COUNTIF('Your Draft'!C:C, "*Governance & Risk") -> 10 | D12: =COUNTIF('Your Draft'!H14:H23, "*Yes") -> 0 | E12: =COUNTIF('Your Draft'!H14:H23, "*Partial") -> 0 | F12: =COUNTIF('Your Draft'!H14:H23, "*No") -> 0
B13: Asset Management | C13: =COUNTIF('Your Draft'!C:C, "*Asset Management") -> 5 | D13: =COUNTIF('Your Draft'!H25:H29, "*Yes") -> 0 | E13: =COUNTIF('Your Draft'!H25:H29, "*Partial") -> 0 | F13: =COUNTIF('Your Draft'!H25:H29, "*No") -> 0
B14: Access Control & Identity | C14: =COUNTIF('Your Draft'!C:C, "*Access Control & Identity") -> 16 | D14: =COUNTIF('Your Draft'!H31:H46, "*Yes") -> 0 | E14: =COUNTIF('Your Draft'!H31:H46, "*Partial") -> 0 | F14: =COUNTIF('Your Draft'!H31:H46, "*No") -> 0
B15: Data Security & Encryption | C15: =COUNTIF('Your Draft'!C:C, "*Data Security & Encryption") -> 18 | D15: =COUNTIF('Your Draft'!H48:H65, "*Yes") -> 0 | E15: =COUNTIF('Your Draft'!H48:H65, "*Partial") -> 0 | F15: =COUNTIF('Your Draft'!H48:H65, "*No") -> 0
B16: Application Security | C16: =COUNTIF('Your Draft'!C:C, "*Application Security") -> 13 | D16: =COUNTIF('Your Draft'!H67:H79, "*Yes") -> 0 | E16: =COUNTIF('Your Draft'!H67:H79, "*Partial") -> 0 | F16: =COUNTIF('Your Draft'!H67:H79, "*No") -> 0
B17: Network & Infrastructure | C17: =COUNTIF('Your Draft'!C:C, "*Network & Infrastructure") -> 22 | D17: =COUNTIF('Your Draft'!H81:H102, "*Yes") -> 0 | E17: =COUNTIF('Your Draft'!H81:H102, "*Partial") -> 0 | F17: =COUNTIF('Your Draft'!H81:H102, "*No") -> 0
B18: Monitoring & Logging | C18: =COUNTIF('Your Draft'!C:C, "*Monitoring & Logging") -> 10 | D18: =COUNTIF('Your Draft'!H104:H113, "*Yes") -> 0 | E18: =COUNTIF('Your Draft'!H104:H113, "*Partial") -> 0 | F18: =COUNTIF('Your Draft'!H104:H113, "*No") -> 0
B19: Incident Response | C19: =COUNTIF('Your Draft'!C:C, "*Incident Response") -> 10 | D19: =COUNTIF('Your Draft'!H115:H124, "*Yes") -> 0 | E19: =COUNTIF('Your Draft'!H115:H124, "*Partial") -> 0 | F19: =COUNTIF('Your Draft'!H115:H124, "*No") -> 0
B20: Business Continuity | C20: =COUNTIF('Your Draft'!C:C, "*Business Continuity") -> 10 | D20: =COUNTIF('Your Draft'!H126:H135, "*Yes") -> 0 | E20: =COUNTIF('Your Draft'!H126:H135, "*Partial") -> 0 | F20: =COUNTIF('Your Draft'!H126:H135, "*No") -> 0
B21: Physical Security | C21: =COUNTIF('Your Draft'!C:C, "*Physical Security") -> 5 | D21: =COUNTIF('Your Draft'!H137:H141, "*Yes") -> 0 | E21: =COUNTIF('Your Draft'!H137:H141, "*Partial") -> 0 | F21: =COUNTIF('Your Draft'!H137:H141, "*No") -> 0
B22: Third-Party & Supply Chain | C22: =COUNTIF('Your Draft'!C:C, "*Third-Party & Supply Chain") -> 14 | D22: =COUNTIF('Your Draft'!H143:H156, "*Yes") -> 0 | E22: =COUNTIF('Your Draft'!H143:H156, "*Partial") -> 0 | F22: =COUNTIF('Your Draft'!H143:H156, "*No") -> 0
B23: Employee & HR Controls | C23: =COUNTIF('Your Draft'!C:C, "*Employee & HR Controls") -> 4 | D23: =COUNTIF('Your Draft'!H158:H161, "*Yes") -> 0 | E23: =COUNTIF('Your Draft'!H158:H161, "*Partial") -> 0 | F23: =COUNTIF('Your Draft'!H158:H161, "*No") -> 0
B24: Compliance & Certifications | C24: =COUNTIF('Your Draft'!C:C, "*Compliance & Certifications") -> 5 | D24: =COUNTIF('Your Draft'!H163:H167, "*Yes") -> 0 | E24: =COUNTIF('Your Draft'!H163:H167, "*Partial") -> 0 | F24: =COUNTIF('Your Draft'!H163:H167, "*No") -> 0

Sheet Your Draft
B1: Your Security Assessment Questionnaire Template - Draft
B4: Tips for using this template:
B5: 1. Be transparent; evaluators look for trust and maturity, not a "Yes" to everything.
B6: 2. Check for multi-part requirements and answer "Partial" if any part is missing.
B7: 3. Reference evidence, such as "See SOC 2 Type II report, CC6.1–CC6.8."
B8: 4. Keep explanations clear and concise for the assessed service and environment.
B11: QUESTION | E11: FRAMEWORKS | H11: RESPONSE | K11: INTERNAL TRACKING
B12: # | C12: Category | D12: Question | E12: SIG | F12: CAIQ | G12: VSAQ | H12: Control Status | I12: Explanation / Evidence | J12: Responsibility (CAIQ Responses) | K12: Owner | L12: Status | M12: Maturity (1–5) | N12: Last Reviewed | O12: Next Review | P12: Evidence Link
B13: GOVERNANCE & RISK
B14: 1 | C14: Governance & Risk | D14: Does the organization maintain formally approved information security policies? | E14: TRUE | F14: FALSE | G14: TRUE
B15: 2 | C15: Governance & Risk | D15: Are information security roles and responsibilities documented? | E15: TRUE | F15: FALSE | G15: TRUE
B16: 3 | C16: Governance & Risk | D16: Is executive management involved in information security oversight? | E16: TRUE | F16: FALSE | G16: TRUE
B17: 4 | C17: Governance & Risk | D17: Are security policies communicated to all employees? | E17: TRUE | F17: FALSE | G17: TRUE
B18: 5 | C18: Governance & Risk | D18: Are policy exceptions formally approved and documented? | E18: TRUE | F18: FALSE | G18: TRUE
B19: 6 | C19: Governance & Risk | D19: Are information security risk assessments performed at least annually? | E19: TRUE | F19: FALSE | G19: TRUE
B20: 7 | C20: Governance & Risk | D20: Is risk assessment methodology formally documented? | E20: TRUE | F20: FALSE | G20: TRUE
B21: 8 | C21: Governance & Risk | D21: Are identified risks tracked to remediation? | E21: TRUE | F21: FALSE | G21: TRUE
B22: 9 | C22: Governance & Risk | D22: Does risk assessment include third-party and supply chain risks? | E22: TRUE | F22: FALSE | G22: TRUE
B23: 10 | C23: Governance & Risk | D23: Are residual risks approved by management? | E23: TRUE | F23: FALSE | G23: TRUE
B24: ASSET MANAGEMENT
B25: 11 | C25: Asset Management | D25: Is an inventory of information assets maintained and reviewed? | E25: TRUE | F25: FALSE | G25: TRUE
B26: 12 | C26: Asset Management | D26: Are assets classified based on sensitivity? | E26: TRUE | F26: FALSE | G26: TRUE
B27: 13 | C27: Asset Management | D27: Are asset owners assigned and documented? | E27: TRUE | F27: FALSE | G27: TRUE
B28: 14 | C28: Asset Management | D28: Are acceptable use requirements defined for information assets? | E28: TRUE | F28: FALSE | G28: TRUE
B29: 15 | C29: Asset Management | D29: Is secure disposal of assets enforced? | E29: TRUE | F29: FALSE | G29: TRUE
B30: ACCESS CONTROL & IDENTITY
B31: 16 | C31: Access Control & Identity | D31: Are user accounts uniquely assigned to individuals? | E31: TRUE | F31: FALSE | G31: TRUE
B32: 17 | C32: Access Control & Identity | D32: Is least privilege enforced for system access? | E32: TRUE | F32: FALSE | G32: TRUE
B33: 18 | C33: Access Control & Identity | D33: Are access requests formally approved? | E33: TRUE | F33: FALSE | G33: TRUE
B34: 19 | C34: Access Control & Identity | D34: Is multi-factor authentication implemented where appropriate? | E34: TRUE | F34: FALSE | G34: TRUE
B35: 20 | C35: Access Control & Identity | D35: Are access rights reviewed periodically? | E35: TRUE | F35: FALSE | G35: TRUE
B36: 21 | C36: Access Control & Identity | D36: Are identities uniquely assigned and managed for cloud service access? | E36: TRUE | F36: TRUE | G36: FALSE
B37: 22 | C37: Access Control & Identity | D37: Is multi-factor authentication enforced for privileged access? | E37: TRUE | F37: TRUE | G37: FALSE
B38: 23 | C38: Access Control & Identity | D38: Are authentication mechanisms integrated with centralized identity services? | E38: TRUE | F38: TRUE | G38: FALSE
B39: 24 | C39: Access Control & Identity | D39: Are service accounts managed separately from user accounts? | E39: TRUE | F39: TRUE | G39: FALSE
B40: 25 | C40: Access Control & Identity | D40: What authentication methods are supported for end users (e.g., username/password, SSO, MFA)? | E40: TRUE | F40: TRUE | G40: TRUE
B41: 26 | C41: Access Control & Identity | D41: Do you support single sign-on (SSO) via SAML 2.0 or OAuth 2.0 / OIDC? | E41: TRUE | F41: TRUE | G41: TRUE
B42: 27 | C42: Access Control & Identity | D42: Is multi-factor authentication (MFA) available? Is it enforced or optional? | E42: TRUE | F42: TRUE | G42: TRUE
... B46: 31 | C46: Access Control & Identity | D46: Are access rights reviewed and revoked promptly when an employee changes roles or leaves the organization? | E46: TRUE | F46: TRUE | G46: FALSE
B47: DATA SECURITY & ENCRYPTION
B48: 32 | C48: Data Security & Encryption | D48: Is sensitive data encrypted in transit using strong cryptography? | E48: TRUE | F48: FALSE | G48: TRUE
B49: 33 | C49: Data Security & Encryption | D49: Is sensitive data encrypted at rest? | E49: TRUE | F49: FALSE | G49: TRUE
B50: 34 | C50: Data Security & Encryption | D50: Are encryption keys securely managed? | E50: TRUE | F50: FALSE | G50: TRUE
B51: 35 | C51: Data Security & Encryption | D51: Are cryptographic standards formally defined? | E51: TRUE | F51: FALSE | G51: TRUE
B52: 36 | C52: Data Security & Encryption | D52: Is weak or deprecated cryptography prohibited? | E52: TRUE | F52: FALSE | G52: TRUE
B53: 37 | C53: Data Security & Encryption | D53: Is customer data encrypted at rest within the cloud service? | E53: TRUE | F53: TRUE | G53: FALSE
B54: 38 | C54: Data Security & Encryption | D54: Is customer data encrypted in transit using industry-accepted protocols? | E54: TRUE | F54: TRUE | G54: FALSE
B55: 39 | C55: Data Security & Encryption | D55: Are data retention and deletion processes documented and enforced? | E55: TRUE | F55: TRUE | G55: FALSE
B56: 40 | C56: Data Security & Encryption | D56: Is customer data logically segregated in multi-tenant environments? | E56: TRUE | F56: TRUE | G56: FALSE
B57: 41 | C57: Data Security & Encryption | D57: Are backups of customer data protected using encryption? | E57: TRUE | F57: TRUE | G57: FALSE
B58: 42 | C58: Data Security & Encryption | D58: In which countries or regions is customer data stored and processed? | E58: TRUE | F58: TRUE | G58: FALSE
B59: 43 | C59: Data Security & Encryption | D59: Is customer data logically isolated from other customers in a multi-tenant environment? | E59: TRUE | F59: TRUE | G59: FALSE
... B65: 49 | C65: Data Security & Encryption | D65: Do you share or sell customer data with third parties? If so, under what circumstances? | E65: TRUE | F65: TRUE | G65: FALSE
B66: APPLICATION SECURITY
B67: 50 | C67: Application Security | D67: Is secure development integrated into the SDLC? | E67: TRUE | F67: FALSE | G67: TRUE
B68: 51 | C68: Application Security | D68: Are applications tested for security vulnerabilities? | E68: TRUE | F68: FALSE | G68: TRUE
B69: 52 | C69: Application Security | D69: Are security defects tracked and remediated? | E69: TRUE | F69: FALSE | G69: TRUE
B70: 53 | C70: Application Security | D70: Are third-party code components managed securely? | E70: TRUE | F70: FALSE | G70: TRUE
B71: 54 | C71: Application Security | D71: Are application access controls enforced? | E71: TRUE | F71: FALSE | G71: TRUE
B72: 55 | C72: Application Security | D72: Is your application assessed against the OWASP Top 10 vulnerabilities? If so, how frequently? | E72: TRUE | F72: TRUE | G72: FALSE
B73: 56 | C73: Application Security | D73: Do you perform static application security testing (SAST) as part of your SDLC? | E73: TRUE | F73: TRUE | G73: FALSE
B74: 57 | C74: Application Security | D74: Do you perform dynamic application security testing (DAST) against production or staging environments? | E74: TRUE | F74: TRUE | G74: FALSE
B75: 58 | C75: Application Security | D75: Are third-party penetration tests conducted against your application? If so, how frequently and by whom? | E75: TRUE | F75: TRUE | G75: FALSE
B76: 59 | C76: Application Security | D76: Do you operate a vulnerability disclosure program or bug bounty program? | E76: TRUE | F76: TRUE | G76: FALSE
B77: 60 | C77: Application Security | D77: Are security requirements formally defined and reviewed as part of your software development lifecycle? | E77: TRUE | F77: TRUE | G77: FALSE
B78: 61 | C78: Application Security | D78: Is a web application firewall (WAF) deployed in front of your production application? | E78: TRUE | F78: TRUE | G78: FALSE
B79: 62 | C79: Application Security | D79: How are third-party libraries and open-source dependencies tracked and monitored for known vulnerabilities? | E79: TRUE | F79: TRUE | G79: FALSE
B80: NETWORK & INFRASTRUCTURE
B81: 63 | C81: Network & Infrastructure | D81: Are system change management procedures documented? | E81: TRUE | F81: TRUE | G81: TRUE
B82: 64 | C82: Network & Infrastructure | D82: Are production and non-production environments separated? | E82: TRUE | F82: TRUE | G82: TRUE
B83: 65 | C83: Network & Infrastructure | D83: Are system logs protected from unauthorized modification? | E83: TRUE | F83: TRUE | G83: TRUE
B84: 66 | C84: Network & Infrastructure | D84: Are vulnerabilities identified and remediated? | E84: TRUE | F84: TRUE | G84: TRUE
B85: 67 | C85: Network & Infrastructure | D85: Are administrative activities monitored? | E85: TRUE | F85: TRUE | G85: TRUE
B86: 68 | C86: Network & Infrastructure | D86: Are network boundaries protected using firewalls? | E86: TRUE | F86: TRUE | G86: TRUE
B87: 69 | C87: Network & Infrastructure | D87: Is network traffic monitored for suspicious activity? | E87: TRUE | F87: TRUE | G87: TRUE
B88: 70 | C88: Network & Infrastructure | D88: Is network segmentation implemented? | E88: TRUE | F88: TRUE | G88: TRUE
B89: 71 | C89: Network & Infrastructure | D89: Are remote connections securely managed? | E89: TRUE | F89: TRUE | G89: TRUE
B90: 72 | C90: Network & Infrastructure | D90: Are network configurations reviewed periodically? | E90: TRUE | F90: TRUE | G90: TRUE
B91: 73 | C91: Network & Infrastructure | D91: Are cloud infrastructure components hardened using secure configurations? | E91: TRUE | F91: TRUE | G91: FALSE
B92: 74 | C92: Network & Infrastructure | D92: Is tenant isolation enforced at the hypervisor or virtualization layer? | E92: TRUE | F92: TRUE | G92: FALSE
... B102: 84 | C102: Network & Infrastructure | D102: What is your patch management cadence for operating systems and server-side software? | E102: TRUE | F102: TRUE | G102: FALSE
B103: MONITORING & LOGGING
B104: 85 | C104: Monitoring & Logging | D104: Are security-relevant events logged within the cloud environment? | E104: TRUE | F104: TRUE | G104: TRUE
B105: 86 | C105: Monitoring & Logging | D105: Are logs protected from unauthorized modification? | E105: TRUE | F105: TRUE | G105: TRUE
B106: 87 | C106: Monitoring & Logging | D106: Are logs retained in accordance with documented requirements? | E106: TRUE | F106: TRUE | G106: TRUE
B107: 88 | C107: Monitoring & Logging | D107: Is log monitoring performed to detect suspicious activity? | E107: TRUE | F107: TRUE | G107: TRUE
B108: 89 | C108: Monitoring & Logging | D108: Are customers provided access to relevant audit logs? | E108: TRUE | F108: TRUE | G108: TRUE
B109: 90 | C109: Monitoring & Logging | D109: Are security events logged and monitored continuously? Do you use a SIEM or equivalent system? | E109: TRUE | F109: TRUE | G109: FALSE
B110: 91 | C110: Monitoring & Logging | D110: How long are security and access logs retained? | E110: TRUE | F110: TRUE | G110: FALSE
B111: 92 | C111: Monitoring & Logging | D111: Do you have a documented and tested security incident response plan? | E111: TRUE | F111: TRUE | G111: FALSE
B112: 93 | C112: Monitoring & Logging | D112: What is your process and SLA for notifying customers in the event of a security incident or data breach? | E112: TRUE | F112: TRUE | G112: FALSE
B113: 94 | C113: Monitoring & Logging | D113: Have you experienced a security incident or data breach in the past 24 months? If so, briefly describe. | E113: TRUE | F113: TRUE | G113: FALSE
B114: INCIDENT RESPONSE
B115: 95 | C115: Incident Response | D115: Is an incident response plan documented and approved? | E115: TRUE | F115: FALSE | G115: TRUE
B116: 96 | C116: Incident Response | D116: Are incident response roles defined? | E116: TRUE | F116: FALSE | G116: TRUE
B117: 97 | C117: Incident Response | D117: Are security incidents documented and investigated? | E117: TRUE | F117: FALSE | G117: TRUE
B118: 98 | C118: Incident Response | D118: Are incident response exercises performed? | E118: TRUE | F118: FALSE | G118: TRUE
B119: 99 | C119: Incident Response | D119: Are customers notified of incidents affecting their data? | E119: TRUE | F119: FALSE | G119: TRUE
B120: 100 | C120: Incident Response | D120: Is a cloud-specific incident response plan documented and maintained? | E120: TRUE | F120: TRUE | G120: FALSE
B121: 101 | C121: Incident Response | D121: Are security incidents detected and investigated in the cloud environment? | E121: TRUE | F121: TRUE | G121: FALSE
...
